<?xml version="1.0" encoding="UTF-8" ?>
<!DOCTYPE configuration
  PUBLIC "-//mybatis.org//DTD Config 3.0//EN"
  "http://mybatis.org/dtd/mybatis-3-config.dtd">
<configuration>
    <properties resource="config.properties">
    </properties>

    <typeAliases>
        <typeAlias type='edu.eci.pdsw.entities.User' alias='User'/>
        <typeAlias type='edu.eci.pdsw.entities.Blog' alias='Blog'/>
        <typeAlias type='edu.eci.pdsw.entities.Comment' alias='Comment'/>
    </typeAliases>

    <environments default="development">
        <environment id="development">
            <transactionManager type="JDBC" />
            <dataSource type="POOLED">
                <property name="driver" value="${driver}" />
                <!--property name="url" value="jdbc:mysql://localhost:3306/video_rental"/!-->
                <property name="url" value="${url}"/>
                <property name="username" value="${username}" />
                <property name="password" value="${password}" />
            </dataSource>
        </environment>
    </environments>

    <mappers>
        <mapper resource="mappers/UserMapper.xml"></mapper>
        <mapper resource="mappers/BlogMapper.xml"></mapper>                
    </mappers> 
        
        
</configuration>